{
    "keep": {
        "days": true,
        "amount": 14
    },
    "auditLog": "logs\\.711a80638664644e0b49b8b75c446d9321b549bc-audit.json",
    "files": [
        {
            "date": 1747112440574,
            "name": "logs\\app-2025-05-13.log",
            "hash": "b957dad58846cd4910112f6f66094d9256bcf7d28ebb44b97d91b45d2df3665a"
        },
        {
            "date": 1747199020545,
            "name": "logs\\app-2025-05-14.log",
            "hash": "0d385db38c4761d851b7692f904b94a5d6443d94c92310c296e4ae9542d7191e"
        },
        {
            "date": 1747285305622,
            "name": "logs\\app-2025-05-15.log",
            "hash": "3ec2966c10480afba8f022d785b05dfe9b0af41a54fe8fed58aff9fe41cabf7e"
        },
        {
            "date": 1747371926375,
            "name": "logs\\app-2025-05-16.log",
            "hash": "eca90c1c93de40e2b223b6cbee8eca5dab99282c1e22742c76aa43861721b70d"
        },
        {
            "date": 1747458000487,
            "name": "logs\\app-2025-05-17.log",
            "hash": "6498f422ecafe24a7f32adb0b366ef81d24c1ea04fe777af46388cc39ef0f18f"
        },
        {
            "date": 1747630944069,
            "name": "logs\\app-2025-05-19.log",
            "hash": "92ee2190fb889972bad9b28f22489e6a7cc81372aa958c3a7947a4c82d2d7974"
        },
        {
            "date": 1747717193515,
            "name": "logs\\app-2025-05-20.log",
            "hash": "c0344f4db401a8a1640feba7013d2545602286137b28dba126c7c97a0535fb51"
        },
        {
            "date": 1747803601006,
            "name": "logs\\app-2025-05-21.log",
            "hash": "3584627ef8f40f44eda0288170921874f78267331dcc5d1a8d699bd9813fcc1c"
        },
        {
            "date": 1747890756974,
            "name": "logs\\app-2025-05-22.log",
            "hash": "24bff65d24f9fa7c7fea8f94b688cf32053dea7402ff273c86b072cce5bc77d3"
        },
        {
            "date": 1747976453343,
            "name": "logs\\app-2025-05-23.log",
            "hash": "98e234fb0cab3fe4469c791774fa70de0bf42ea46e391c8a6c0372d3269b7fd6"
        },
        {
            "date": 1748236052298,
            "name": "logs\\app-2025-05-26.log",
            "hash": "2fb80cd36388e31e016835371e0df3916a02846e5f856593d366f2e1f909a50f"
        },
        {
            "date": 1748321802489,
            "name": "logs\\app-2025-05-27.log",
            "hash": "718b1353f0e574eea6c77f192ee4db3a8066fe7580808b209612c5c7aac870d7"
        }
    ],
    "hashType": "sha256"
}